step,f(x),x1,x2
0,1.5,4.0,3.0
1,0.111111111124,3.44444274902,1.88888549805
2,0.00823076666223,3.07408283371,2.07407181337
3,0.00060978722547,3.03292218703,1.99176276587
4,4.52102021698e-05,3.00549774803,2.00548612664
5,3.35693471673e-06,3.00244821592,1.9993999549
6,2.43206099074e-07,3.00039209708,2.00040784315
7,1.73124106015e-08,3.00017154247,1.99994901961
8,1.53250293125e-09,3.00003216421,2.00003186275
9,1.2931708005e-10,3.00001608211,2.0
