step,f(x),x1,x2
0,8.07768723046,0.0,0.0
1,4.45750116002,1.27926385403,1.44912743568
2,4.34579398198,1.56435877001,1.29042748666
3,4.34125150461,1.66169934088,1.22553377275
4,4.34121572639,1.65368123746,1.23087917502
5,4.34121572639,1.65368123746,1.23087917502
